rail_id;external_id;study;sra.sample_acc.x;sra.experiment_acc;sra.submission_acc;sra.submission_center;sra.submission_lab;sra.study_title;sra.study_abstract;sra.study_description;sra.experiment_title;sra.design_description;sra.sample_description;sra.library_name;sra.library_strategy;sra.library_source;sra.library_selection;sra.library_layout;sra.paired_nominal_length;sra.paired_nominal_stdev;sra.library_construction_protocol;sra.platform_model;sra.sample_attributes;sra.experiment_attributes;sra.spot_length;sra.sample_name;sra.sample_title;sra.sample_bases;sra.sample_spots;sra.run_published;sra.size;sra.run_total_bases;sra.run_total_spots;sra.num_reads;sra.num_spots;sra.read_info;sra.run_alias;sra.run_center_name;sra.run_broker_name;sra.run_center;recount_project.project;recount_project.organism;recount_project.file_source;recount_project.metadata_source;recount_project.date_processed;recount_qc.aligned_reads..chrm;recount_qc.aligned_reads..chrx;recount_qc.aligned_reads..chry;recount_qc.bc_auc.all_reads_all_bases;recount_qc.bc_auc.all_reads_annotated_bases;recount_qc.bc_auc.unique_reads_all_bases;recount_qc.bc_auc.unique_reads_annotated_bases;recount_qc.bc_auc.all_.;recount_qc.bc_auc.unique_.;recount_qc.bc_frag.count;recount_qc.bc_frag.kallisto_count;recount_qc.bc_frag.kallisto_mean_length;recount_qc.bc_frag.mean_length;recount_qc.bc_frag.mode_length;recount_qc.bc_frag.mode_length_count;recount_qc.exon_fc.all_.;recount_qc.exon_fc.unique_.;recount_qc.exon_fc_count_all.total;recount_qc.exon_fc_count_all.assigned;recount_qc.exon_fc_count_unique.total;recount_qc.exon_fc_count_unique.assigned;recount_qc.gene_fc.all_.;recount_qc.gene_fc.unique_.;recount_qc.gene_fc_count_all.total;recount_qc.gene_fc_count_all.assigned;recount_qc.gene_fc_count_unique.total;recount_qc.gene_fc_count_unique.assigned;recount_qc.intron_sum;recount_qc.intron_sum_.;recount_qc.star.._of_chimeric_reads;recount_qc.star.._of_chimeric_reads2;recount_qc.star.._of_reads_mapped_to_multiple_loci;recount_qc.star.._of_reads_mapped_to_multiple_loci2;recount_qc.star.._of_reads_mapped_to_too_many_loci;recount_qc.star.._of_reads_mapped_to_too_many_loci2;recount_qc.star.._of_reads_unmapped._other;recount_qc.star.._of_reads_unmapped._other2;recount_qc.star.._of_reads_unmapped._too_many_mismatches;recount_qc.star.._of_reads_unmapped._too_many_mismatches2;recount_qc.star.._of_reads_unmapped._too_short;recount_qc.star.._of_reads_unmapped._too_short2;recount_qc.star.all_mapped_reads;recount_qc.star.all_mapped_reads2;recount_qc.star.average_input_read_length;recount_qc.star.average_input_read_length2;recount_qc.star.average_mapped_length;recount_qc.star.average_mapped_length2;recount_qc.star.deletion_average_length;recount_qc.star.deletion_average_length2;recount_qc.star.deletion_rate_per_base;recount_qc.star.deletion_rate_per_base2;recount_qc.star.insertion_average_length;recount_qc.star.insertion_average_length2;recount_qc.star.insertion_rate_per_base;recount_qc.star.insertion_rate_per_base2;recount_qc.star.mapping_speed._million_of_reads_per_hour;recount_qc.star.mapping_speed._million_of_reads_per_hour2;recount_qc.star.mismatch_rate_per_base._.;recount_qc.star.mismatch_rate_per_base._.2;recount_qc.star.number_of_chimeric_reads;recount_qc.star.number_of_chimeric_reads2;recount_qc.star.number_of_input_reads;recount_qc.star.number_of_input_reads2;recount_qc.star.number_of_reads_mapped_to_multiple_loci;recount_qc.star.number_of_reads_mapped_to_multiple_loci2;recount_qc.star.number_of_reads_mapped_to_too_many_loci;recount_qc.star.number_of_reads_mapped_to_too_many_loci2;recount_qc.star.number_of_reads_unmapped._other;recount_qc.star.number_of_reads_unmapped._other2;recount_qc.star.number_of_reads_unmapped._too_many_mismatches;recount_qc.star.number_of_reads_unmapped._too_many_mismatches2;recount_qc.star.number_of_reads_unmapped._too_short;recount_qc.star.number_of_reads_unmapped._too_short2;recount_qc.star.number_of_splices._at.ac;recount_qc.star.number_of_splices._at.ac2;recount_qc.star.number_of_splices._annotated_.sjdb.;recount_qc.star.number_of_splices._annotated_.sjdb.2;recount_qc.star.number_of_splices._gc.ag;recount_qc.star.number_of_splices._gc.ag2;recount_qc.star.number_of_splices._gt.ag;recount_qc.star.number_of_splices._gt.ag2;recount_qc.star.number_of_splices._non.canonical;recount_qc.star.number_of_splices._non.canonical2;recount_qc.star.number_of_splices._total;recount_qc.star.number_of_splices._total2;recount_qc.star.uniquely_mapped_reads_.;recount_qc.star.uniquely_mapped_reads_.2;recount_qc.star.uniquely_mapped_reads_number;recount_qc.star.uniquely_mapped_reads_number2;recount_qc.junction_count;recount_qc.junction_coverage;recount_qc.junction_avg_coverage;recount_qc.star.number_of_input_reads_both;recount_qc.star.all_mapped_reads_both;recount_qc.star.number_of_chimeric_reads_both;recount_qc.star.number_of_reads_mapped_to_multiple_loci_both;recount_qc.star.number_of_reads_mapped_to_too_many_loci_both;recount_qc.star.number_of_reads_unmapped._other_both;recount_qc.star.number_of_reads_unmapped._too_many_mismatches_both;recount_qc.star.number_of_reads_unmapped._too_short_both;recount_qc.star.uniquely_mapped_reads_number_both;recount_qc.star.._mapped_reads_both;recount_qc.star.._chimeric_reads_both;recount_qc.star.._reads_mapped_to_multiple_loci_both;recount_qc.star.._reads_mapped_to_too_many_loci_both;recount_qc.star.._reads_unmapped._other_both;recount_qc.star.._reads_unmapped._too_many_mismatches_both;recount_qc.star.._reads_unmapped._too_short_both;recount_qc.star.uniquely_mapped_reads_._both;recount_seq_qc.min_len;recount_seq_qc.max_len;recount_seq_qc.avg_len;recount_seq_qc..distinct_quality_values;recount_seq_qc..bases;recount_seq_qc..a;recount_seq_qc..c;recount_seq_qc..g;recount_seq_qc..t;recount_seq_qc..n;recount_seq_qc.avgq;recount_seq_qc.errq;recount_pred.sample_acc.y;recount_pred.curated.type;recount_pred.curated.tissue;recount_pred.pattern.predict.type;recount_pred.pred.type;recount_pred.curated.cell_type;recount_pred.curated.cell_line;BigWigURL
2019607;SRR8371688;SRP174505;SRS4188628;SRX5181775;SRA827269;GEO;NA;RNA-sequencing in irradiated and normal A549 cells.;"The aim of this study is to investigate the role of circRNAs/miRNAs/lncRNAs in radioresistance in A549 cells. For irradiation, A549 cells were exposed to a single fraction 2 GY or 4GY X-ray dose using an X-RAD 160-225 instrument (Precision X-Ray, Inc., Branford, CT, USA; filter: 2 mm AI; 42 cm, 225 kV/s, 12.4 mA, 2.0 Gy/min). The irradiated A549 cells (after a single dose of irradiation) and normal A549 cells  were cultured for further 48h and then collected its total RNA for high-throughput sequencing. Overall design: Examing 3 conditions, each with 3 replicates. The three groups were 0GY group (control),  2GY group (treatment-1) and  4GY group (treatment-2).";NA;"GSM3531991: 0GY-1; Homo sapiens; RNA-Seq";NA;NA;NA;RNA-Seq;TRANSCRIPTOMIC;cDNA;paired;NA;NA;total RNA was used for removing the rRNAs using Ribo-Zero rRNA Removal Kits (Illumina, USA) RNA libraries were constructed by using rRNA-depleted RNAs with TruSeq Stranded Total RNA Library Prep Kit (Illumina, USA);Illumina HiSeq 4000;"cell line;;A549 cell|source_name;;A549_0GY|treatment;;0GY";"GEO Accession;;GSM3531991";NA;GSM3531991;0GY-1;12283784100;40945947;2019-01-01 13:08:24;4861934855;12283784100;40945947;2;40945947;index:0,count:40945947,average:150,stdev:0|index:1,count:40945947,average:150,stdev:0;GSM3531991_r1;NA;NA;NA;SRP174505;Homo sapiens;data_sources/sra;data_sources/sra;2019-10-01;1.86;1.69;0.06;1499352828;1696705633;1253935660;1564521026;113.16;124.77;8811602;7675615;184.815;3320.556;150;81795;53.24;63.56;15458534;4691155;15458534;4691155;51.56;56.4;15458534;4543016;15458534;4162577;267684672;17.85;0.62;0;3.5;0;0.2;0;0.04;0;0;0;78.24;0;8811602;0;300;0;279.73;0;2.02;0;0.01;0;1.87;0;0.01;0;28.3;0;0.39;0;253865;0;40945947;0;1431467;0;82895;0;14647;0;0;0;32036803;0;1606;0;0;0;24585;0;3604526;0;9972;0;3640689;0;18.02;0;7380135;0;155302;2452758;15.793473361579;40945947;8811602;253865;1431467;82895;14647;0;32036803;7380135;21.5;0.6;3.5;0.2;0;0;78.2;18;150;150;150;7;6141892050;25.3;26.2;21.5;27;0;39.1;28.3;SRS4188628;NA;NA;rna-seq;rna-seq;NA;NA;http://duffel.rail.bio/recount3/human/data_sources/sra/base_sums/05/SRP174505/88/sra.base_sums.SRP174505_SRR8371688.ALL.bw
2019640;SRR8371689;SRP174505;SRS4188629;SRX5181776;SRA827269;GEO;NA;RNA-sequencing in irradiated and normal A549 cells.;"The aim of this study is to investigate the role of circRNAs/miRNAs/lncRNAs in radioresistance in A549 cells. For irradiation, A549 cells were exposed to a single fraction 2 GY or 4GY X-ray dose using an X-RAD 160-225 instrument (Precision X-Ray, Inc., Branford, CT, USA; filter: 2 mm AI; 42 cm, 225 kV/s, 12.4 mA, 2.0 Gy/min). The irradiated A549 cells (after a single dose of irradiation) and normal A549 cells  were cultured for further 48h and then collected its total RNA for high-throughput sequencing. Overall design: Examing 3 conditions, each with 3 replicates. The three groups were 0GY group (control),  2GY group (treatment-1) and  4GY group (treatment-2).";NA;"GSM3531992: 0GY-2; Homo sapiens; RNA-Seq";NA;NA;NA;RNA-Seq;TRANSCRIPTOMIC;cDNA;paired;NA;NA;total RNA was used for removing the rRNAs using Ribo-Zero rRNA Removal Kits (Illumina, USA) RNA libraries were constructed by using rRNA-depleted RNAs with TruSeq Stranded Total RNA Library Prep Kit (Illumina, USA);Illumina HiSeq 4000;"cell line;;A549 cell|source_name;;A549_0GY|treatment;;0GY";"GEO Accession;;GSM3531992";NA;GSM3531992;0GY-2;13935014400;46450048;2019-01-01 13:08:24;5480005853;13935014400;46450048;2;46450048;index:0,count:46450048,average:150,stdev:0|index:1,count:46450048,average:150,stdev:0;GSM3531992_r1;NA;NA;NA;SRP174505;Homo sapiens;data_sources/sra;data_sources/sra;2019-10-01;2.3;2.08;0.08;1666759878;1942640785;1466181894;1821083420;116.55;124.21;9815432;8660658;185.613;2809.475;151;89877;54.56;62.13;14554429;5354874;14554429;5354874;52.76;55.07;14554429;5178448;14554429;4746263;325935647;19.56;0.62;0;2.58;0;0.13;0;0.04;0;0;0;78.7;0;9815432;0;300;0;279.58;0;1.99;0;0.01;0;1.85;0;0.01;0;29.89;0;0.4;0;288755;0;46450048;0;1196610;0;60251;0;17217;0;0;0;36557148;0;1714;0;0;0;27143;0;4046730;0;11036;0;4086623;0;18.56;0;8618822;0;160079;2755143;17.211145746788;46450048;9815432;288755;1196610;60251;17217;0;36557148;8618822;21.1;0.6;2.6;0.1;0;0;78.7;18.6;150;150;150;7;6967507200;25.3;26;21.6;27;0;39.1;28.5;SRS4188629;NA;NA;rna-seq;rna-seq;NA;NA;http://duffel.rail.bio/recount3/human/data_sources/sra/base_sums/05/SRP174505/89/sra.base_sums.SRP174505_SRR8371689.ALL.bw
2019863;SRR8371690;SRP174505;SRS4188630;SRX5181777;SRA827269;GEO;NA;RNA-sequencing in irradiated and normal A549 cells.;"The aim of this study is to investigate the role of circRNAs/miRNAs/lncRNAs in radioresistance in A549 cells. For irradiation, A549 cells were exposed to a single fraction 2 GY or 4GY X-ray dose using an X-RAD 160-225 instrument (Precision X-Ray, Inc., Branford, CT, USA; filter: 2 mm AI; 42 cm, 225 kV/s, 12.4 mA, 2.0 Gy/min). The irradiated A549 cells (after a single dose of irradiation) and normal A549 cells  were cultured for further 48h and then collected its total RNA for high-throughput sequencing. Overall design: Examing 3 conditions, each with 3 replicates. The three groups were 0GY group (control),  2GY group (treatment-1) and  4GY group (treatment-2).";NA;"GSM3531993: 0GY-3; Homo sapiens; RNA-Seq";NA;NA;NA;RNA-Seq;TRANSCRIPTOMIC;cDNA;paired;NA;NA;total RNA was used for removing the rRNAs using Ribo-Zero rRNA Removal Kits (Illumina, USA) RNA libraries were constructed by using rRNA-depleted RNAs with TruSeq Stranded Total RNA Library Prep Kit (Illumina, USA);Illumina HiSeq 4000;"cell line;;A549 cell|source_name;;A549_0GY|treatment;;0GY";"GEO Accession;;GSM3531993";NA;GSM3531993;0GY-3;10122351600;33741172;2019-01-01 13:08:24;4049733722;10122351600;33741172;2;33741172;index:0,count:33741172,average:150,stdev:0|index:1,count:33741172,average:150,stdev:0;GSM3531993_r1;NA;NA;NA;SRP174505;Homo sapiens;data_sources/sra;data_sources/sra;2019-10-01;2.43;2.25;0.08;1304117928;1539272512;1160845874;1445722358;118.03;124.54;7627486;6766344;187.327;2585.291;151;71382;55.86;62.91;10601989;4260799;10601989;4260799;53.69;55.36;10601989;4095272;10601989;3749381;252468158;19.36;0.69;0;2.53;0;0.11;0;0.04;0;0;0;77.24;0;7627486;0;300;0;280.46;0;1.95;0;0.01;0;1.86;0;0.01;0;28.94;0;0.42;0;232788;0;33741172;0;854439;0;37796;0;13716;0;0;0;26062174;0;1409;0;0;0;21640;0;3204521;0;9621;0;3237191;0;20.07;0;6773047;0;151646;2200598;14.511414742229;33741172;7627486;232788;854439;37796;13716;0;26062174;6773047;22.6;0.7;2.5;0.1;0;0;77.2;20.1;150;150;150;7;5061175800;25.1;26.1;21.8;27;0;39.1;28.4;SRS4188630;NA;NA;rna-seq;rna-seq;NA;NA;http://duffel.rail.bio/recount3/human/data_sources/sra/base_sums/05/SRP174505/90/sra.base_sums.SRP174505_SRR8371690.ALL.bw
2019897;SRR8371691;SRP174505;SRS4188631;SRX5181778;SRA827269;GEO;NA;RNA-sequencing in irradiated and normal A549 cells.;"The aim of this study is to investigate the role of circRNAs/miRNAs/lncRNAs in radioresistance in A549 cells. For irradiation, A549 cells were exposed to a single fraction 2 GY or 4GY X-ray dose using an X-RAD 160-225 instrument (Precision X-Ray, Inc., Branford, CT, USA; filter: 2 mm AI; 42 cm, 225 kV/s, 12.4 mA, 2.0 Gy/min). The irradiated A549 cells (after a single dose of irradiation) and normal A549 cells  were cultured for further 48h and then collected its total RNA for high-throughput sequencing. Overall design: Examing 3 conditions, each with 3 replicates. The three groups were 0GY group (control),  2GY group (treatment-1) and  4GY group (treatment-2).";NA;"GSM3531994: 2GY-1; Homo sapiens; RNA-Seq";NA;NA;NA;RNA-Seq;TRANSCRIPTOMIC;cDNA;paired;NA;NA;total RNA was used for removing the rRNAs using Ribo-Zero rRNA Removal Kits (Illumina, USA) RNA libraries were constructed by using rRNA-depleted RNAs with TruSeq Stranded Total RNA Library Prep Kit (Illumina, USA);Illumina HiSeq 4000;"cell line;;A549 cell|source_name;;A549_2GY|treatment;;2GY";"GEO Accession;;GSM3531994";NA;GSM3531994;2GY-1;14897756400;49659188;2019-01-01 13:08:24;5855159263;14897756400;49659188;2;49659188;index:0,count:49659188,average:150,stdev:0|index:1,count:49659188,average:150,stdev:0;GSM3531994_r1;NA;NA;NA;SRP174505;Homo sapiens;data_sources/sra;data_sources/sra;2019-10-01;2.68;2.34;0.1;1349111034;1605998724;1209444351;1510910912;119.04;124.93;7867703;6970135;189.049;2484.319;151;73008;57.02;63.83;10701273;4486466;10701273;4486466;55.03;56.43;10701273;4329698;10701273;3966084;255453065;18.93;0.47;0;1.69;0;0.07;0;0.03;0;0;0;84.06;0;7867703;0;300;0;280.71;0;1.94;0;0.01;0;1.88;0;0.01;0;27.11;0;0.39;0;232031;0;49659188;0;838990;0;33830;0;14861;0;0;0;41742794;0;1515;0;0;0;23226;0;3438479;0;9057;0;3472277;0;14.15;0;7028713;0;150563;2363624;15.698571362154;49659188;7867703;232031;838990;33830;14861;0;41742794;7028713;15.8;0.5;1.7;0.1;0;0;84.1;14.2;150;150;150;7;7448878200;25.5;26.1;20.8;27.7;0;39.2;28.6;SRS4188631;NA;NA;rna-seq;rna-seq;NA;NA;http://duffel.rail.bio/recount3/human/data_sources/sra/base_sums/05/SRP174505/91/sra.base_sums.SRP174505_SRR8371691.ALL.bw
2019929;SRR8371692;SRP174505;SRS4188632;SRX5181779;SRA827269;GEO;NA;RNA-sequencing in irradiated and normal A549 cells.;"The aim of this study is to investigate the role of circRNAs/miRNAs/lncRNAs in radioresistance in A549 cells. For irradiation, A549 cells were exposed to a single fraction 2 GY or 4GY X-ray dose using an X-RAD 160-225 instrument (Precision X-Ray, Inc., Branford, CT, USA; filter: 2 mm AI; 42 cm, 225 kV/s, 12.4 mA, 2.0 Gy/min). The irradiated A549 cells (after a single dose of irradiation) and normal A549 cells  were cultured for further 48h and then collected its total RNA for high-throughput sequencing. Overall design: Examing 3 conditions, each with 3 replicates. The three groups were 0GY group (control),  2GY group (treatment-1) and  4GY group (treatment-2).";NA;"GSM3531995: 2GY-2; Homo sapiens; RNA-Seq";NA;NA;NA;RNA-Seq;TRANSCRIPTOMIC;cDNA;paired;NA;NA;total RNA was used for removing the rRNAs using Ribo-Zero rRNA Removal Kits (Illumina, USA) RNA libraries were constructed by using rRNA-depleted RNAs with TruSeq Stranded Total RNA Library Prep Kit (Illumina, USA);Illumina HiSeq 4000;"cell line;;A549 cell|source_name;;A549_2GY|treatment;;2GY";"GEO Accession;;GSM3531995";NA;GSM3531995;2GY-2;12315712500;41052375;2019-01-01 13:08:24;4857204158;12315712500;41052375;2;41052375;index:0,count:41052375,average:150,stdev:0|index:1,count:41052375,average:150,stdev:0;GSM3531995_r1;NA;NA;NA;SRP174505;Homo sapiens;data_sources/sra;data_sources/sra;2019-10-01;2.86;2.42;0.1;1289739903;1543020254;1169689824;1460520769;119.64;124.86;7350061;6526081;193.182;2234.201;151;65630;57.41;63.54;9682396;4219545;9682396;4219545;55.29;56.63;9682396;4063637;9682396;3760885;250256556;19.4;0.5;0;1.73;0;0.06;0;0.03;0;0;0;82.01;0;7350061;0;300;0;283.54;0;1.96;0;0.01;0;1.87;0;0.01;0;27.14;0;0.39;0;206881;0;41052375;0;708790;0;25202;0;10573;0;0;0;33666539;0;1330;0;0;0;22782;0;3318588;0;8179;0;3350879;0;16.18;0;6641271;0;146753;2297449;15.655209774247;41052375;7350061;206881;708790;25202;10573;0;33666539;6641271;17.9;0.5;1.7;0.1;0;0;82;16.2;150;150;150;7;6157856250;25.4;26.1;20.6;27.8;0;39.2;28.7;SRS4188632;NA;NA;rna-seq;rna-seq;NA;NA;http://duffel.rail.bio/recount3/human/data_sources/sra/base_sums/05/SRP174505/92/sra.base_sums.SRP174505_SRR8371692.ALL.bw
2019961;SRR8371693;SRP174505;SRS4188633;SRX5181780;SRA827269;GEO;NA;RNA-sequencing in irradiated and normal A549 cells.;"The aim of this study is to investigate the role of circRNAs/miRNAs/lncRNAs in radioresistance in A549 cells. For irradiation, A549 cells were exposed to a single fraction 2 GY or 4GY X-ray dose using an X-RAD 160-225 instrument (Precision X-Ray, Inc., Branford, CT, USA; filter: 2 mm AI; 42 cm, 225 kV/s, 12.4 mA, 2.0 Gy/min). The irradiated A549 cells (after a single dose of irradiation) and normal A549 cells  were cultured for further 48h and then collected its total RNA for high-throughput sequencing. Overall design: Examing 3 conditions, each with 3 replicates. The three groups were 0GY group (control),  2GY group (treatment-1) and  4GY group (treatment-2).";NA;"GSM3531996: 2GY-3; Homo sapiens; RNA-Seq";NA;NA;NA;RNA-Seq;TRANSCRIPTOMIC;cDNA;paired;NA;NA;total RNA was used for removing the rRNAs using Ribo-Zero rRNA Removal Kits (Illumina, USA) RNA libraries were constructed by using rRNA-depleted RNAs with TruSeq Stranded Total RNA Library Prep Kit (Illumina, USA);Illumina HiSeq 4000;"cell line;;A549 cell|source_name;;A549_2GY|treatment;;2GY";"GEO Accession;;GSM3531996";NA;GSM3531996;2GY-3;9610225200;32034084;2019-01-01 13:08:24;3790805522;9610225200;32034084;2;32034084;index:0,count:32034084,average:150,stdev:0|index:1,count:32034084,average:150,stdev:0;GSM3531996_r1;NA;NA;NA;SRP174505;Homo sapiens;data_sources/sra;data_sources/sra;2019-10-01;2.5;2.43;0.11;957354941;1136015356;867531038;1075498158;118.66;123.97;5420268;4838220;193.471;2179.192;151;49214;55.64;61.62;7136764;3015877;7136764;3015877;53.3;54.63;7136764;2888772;7136764;2673679;195551840;20.43;0.48;0;1.64;0;0.06;0;0.03;0;0;0;82.99;0;5420268;0;300;0;284.22;0;1.98;0;0.01;0;1.88;0;0.01;0;26.94;0;0.39;0;154951;0;32034084;0;525841;0;19337;0;8912;0;0;0;26585567;0;1013;0;0;0;15823;0;2349707;0;6064;0;2372607;0;15.28;0;4894427;0;135471;1638307;12.093414826789;32034084;5420268;154951;525841;19337;8912;0;26585567;4894427;16.9;0.5;1.6;0.1;0;0;83;15.3;150;150;150;7;4805112600;25.4;26.1;20.5;28;0;39.2;28.7;SRS4188633;NA;NA;rna-seq;rna-seq;NA;NA;http://duffel.rail.bio/recount3/human/data_sources/sra/base_sums/05/SRP174505/93/sra.base_sums.SRP174505_SRR8371693.ALL.bw
2019993;SRR8371694;SRP174505;SRS4188634;SRX5181781;SRA827269;GEO;NA;RNA-sequencing in irradiated and normal A549 cells.;"The aim of this study is to investigate the role of circRNAs/miRNAs/lncRNAs in radioresistance in A549 cells. For irradiation, A549 cells were exposed to a single fraction 2 GY or 4GY X-ray dose using an X-RAD 160-225 instrument (Precision X-Ray, Inc., Branford, CT, USA; filter: 2 mm AI; 42 cm, 225 kV/s, 12.4 mA, 2.0 Gy/min). The irradiated A549 cells (after a single dose of irradiation) and normal A549 cells  were cultured for further 48h and then collected its total RNA for high-throughput sequencing. Overall design: Examing 3 conditions, each with 3 replicates. The three groups were 0GY group (control),  2GY group (treatment-1) and  4GY group (treatment-2).";NA;"GSM3531997: 4GY-1; Homo sapiens; RNA-Seq";NA;NA;NA;RNA-Seq;TRANSCRIPTOMIC;cDNA;paired;NA;NA;total RNA was used for removing the rRNAs using Ribo-Zero rRNA Removal Kits (Illumina, USA) RNA libraries were constructed by using rRNA-depleted RNAs with TruSeq Stranded Total RNA Library Prep Kit (Illumina, USA);Illumina HiSeq 4000;"cell line;;A549 cell|source_name;;A549_4GY|treatment;;4GY";"GEO Accession;;GSM3531997";NA;GSM3531997;4GY-1;9932617200;33108724;2019-01-01 13:08:24;3889778375;9932617200;33108724;2;33108724;index:0,count:33108724,average:150,stdev:0|index:1,count:33108724,average:150,stdev:0;GSM3531997_r1;NA;NA;NA;SRP174505;Homo sapiens;data_sources/sra;data_sources/sra;2019-10-01;2.35;2.23;0.1;740941388;864196218;657902211;808283389;116.63;122.86;4441201;3970385;181.597;2768.491;150;43593;51.91;58.57;6206376;2305529;6206376;2305529;50.37;51.47;6206376;2236929;6206376;2026096;159600740;21.54;0.43;0;1.53;0;0.07;0;0.03;0;0;0;86.49;0;4441201;0;300;0;278.51;0;1.95;0;0.01;0;1.85;0;0.01;0;28.14;0;0.4;0;140866;0;33108724;0;505106;0;21527;0;10553;0;0;0;28635443;0;671;0;0;0;11042;0;1665702;0;5212;0;1682627;0;11.89;0;3936095;0;123507;1128596;9.13791121151;33108724;4441201;140866;505106;21527;10553;0;28635443;3936095;13.4;0.4;1.5;0.1;0;0;86.5;11.9;150;150;150;7;4966308600;25.7;26.1;20.5;27.8;0;39.2;28.5;SRS4188634;NA;NA;rna-seq;rna-seq;NA;NA;http://duffel.rail.bio/recount3/human/data_sources/sra/base_sums/05/SRP174505/94/sra.base_sums.SRP174505_SRR8371694.ALL.bw
2020028;SRR8371695;SRP174505;SRS4188635;SRX5181782;SRA827269;GEO;NA;RNA-sequencing in irradiated and normal A549 cells.;"The aim of this study is to investigate the role of circRNAs/miRNAs/lncRNAs in radioresistance in A549 cells. For irradiation, A549 cells were exposed to a single fraction 2 GY or 4GY X-ray dose using an X-RAD 160-225 instrument (Precision X-Ray, Inc., Branford, CT, USA; filter: 2 mm AI; 42 cm, 225 kV/s, 12.4 mA, 2.0 Gy/min). The irradiated A549 cells (after a single dose of irradiation) and normal A549 cells  were cultured for further 48h and then collected its total RNA for high-throughput sequencing. Overall design: Examing 3 conditions, each with 3 replicates. The three groups were 0GY group (control),  2GY group (treatment-1) and  4GY group (treatment-2).";NA;"GSM3531998: 4GY-2; Homo sapiens; RNA-Seq";NA;NA;NA;RNA-Seq;TRANSCRIPTOMIC;cDNA;paired;NA;NA;total RNA was used for removing the rRNAs using Ribo-Zero rRNA Removal Kits (Illumina, USA) RNA libraries were constructed by using rRNA-depleted RNAs with TruSeq Stranded Total RNA Library Prep Kit (Illumina, USA);Illumina HiSeq 4000;"cell line;;A549 cell|source_name;;A549_4GY|treatment;;4GY";"GEO Accession;;GSM3531998";NA;GSM3531998;4GY-2;10414245900;34714153;2019-01-01 13:08:24;4078448852;10414245900;34714153;2;34714153;index:0,count:34714153,average:150,stdev:0|index:1,count:34714153,average:150,stdev:0;GSM3531998_r1;NA;NA;NA;SRP174505;Homo sapiens;data_sources/sra;data_sources/sra;2019-10-01;2.94;2.08;0.08;659338304;783878680;578398185;727859692;118.89;125.84;3954417;3487300;183.693;2907.508;150;36669;57.01;65.25;5742631;2254517;5742631;2254517;55.3;56.62;5742631;2186607;5742631;1956430;116341221;17.65;0.33;0;1.44;0;0.06;0;0.02;0;0;0;88.53;0;3954417;0;300;0;277.99;0;1.91;0;0.01;0;1.84;0;0.01;0;25.85;0;0.4;0;112856;0;34714153;0;499283;0;19943;0;8062;0;0;0;30731731;0;766;0;0;0;11149;0;1667076;0;4662;0;1683653;0;9.95;0;3455134;0;120018;1126456;9.385725474512;34714153;3954417;112856;499283;19943;8062;0;30731731;3455134;11.4;0.3;1.4;0.1;0;0;88.5;10;150;150;150;7;5207122950;25.5;26.2;20.7;27.7;0;39.1;28.4;SRS4188635;NA;NA;rna-seq;rna-seq;NA;NA;http://duffel.rail.bio/recount3/human/data_sources/sra/base_sums/05/SRP174505/95/sra.base_sums.SRP174505_SRR8371695.ALL.bw
2020057;SRR8371696;SRP174505;SRS4188636;SRX5181783;SRA827269;GEO;NA;RNA-sequencing in irradiated and normal A549 cells.;"The aim of this study is to investigate the role of circRNAs/miRNAs/lncRNAs in radioresistance in A549 cells. For irradiation, A549 cells were exposed to a single fraction 2 GY or 4GY X-ray dose using an X-RAD 160-225 instrument (Precision X-Ray, Inc., Branford, CT, USA; filter: 2 mm AI; 42 cm, 225 kV/s, 12.4 mA, 2.0 Gy/min). The irradiated A549 cells (after a single dose of irradiation) and normal A549 cells  were cultured for further 48h and then collected its total RNA for high-throughput sequencing. Overall design: Examing 3 conditions, each with 3 replicates. The three groups were 0GY group (control),  2GY group (treatment-1) and  4GY group (treatment-2).";NA;"GSM3531999: 4GY-3; Homo sapiens; RNA-Seq";NA;NA;NA;RNA-Seq;TRANSCRIPTOMIC;cDNA;paired;NA;NA;total RNA was used for removing the rRNAs using Ribo-Zero rRNA Removal Kits (Illumina, USA) RNA libraries were constructed by using rRNA-depleted RNAs with TruSeq Stranded Total RNA Library Prep Kit (Illumina, USA);Illumina HiSeq 4000;"cell line;;A549 cell|source_name;;A549_4GY|treatment;;4GY";"GEO Accession;;GSM3531999";NA;GSM3531999;4GY-3;12344926500;41149755;2019-01-01 13:08:24;4863175448;12344926500;41149755;2;41149755;index:0,count:41149755,average:150,stdev:0|index:1,count:41149755,average:150,stdev:0;GSM3531999_r1;NA;NA;NA;SRP174505;Homo sapiens;data_sources/sra;data_sources/sra;2019-10-01;2.31;1.98;0.09;1106620461;1277871834;969207492;1194669674;115.48;123.26;6308183;5608146;189.658;2831.047;151;57648;51.75;59.35;9649819;3264501;9649819;3264501;50.3;52.52;9649819;3173244;9649819;2888979;232165022;20.98;0.41;0;1.96;0;0.09;0;0.02;0;0;0;84.56;0;6308183;0;300;0;283.12;0;1.99;0;0.01;0;1.85;0;0.01;0;26.45;0;0.4;0;170239;0;41149755;0;807345;0;35656;0;9726;0;0;0;34796190;0;980;0;0;0;16377;0;2457814;0;6311;0;2481482;0;13.37;0;5500838;0;134719;1706322;12.665785820857;41149755;6308183;170239;807345;35656;9726;0;34796190;5500838;15.3;0.4;2;0.1;0;0;84.6;13.4;150;150;150;7;6172463250;25.4;26;20.4;28.2;0;39.2;28.7;SRS4188636;NA;NA;rna-seq;rna-seq;NA;NA;http://duffel.rail.bio/recount3/human/data_sources/sra/base_sums/05/SRP174505/96/sra.base_sums.SRP174505_SRR8371696.ALL.bw
